<?xml version="1.0" encoding="UTF-8"?>
<application-client version="7" xmlns="http://xmlns.jcp.org/xml/ns/javaee" xmlns:xsi="http://www.w3.org/2001/XMLSchema-instance" xsi:schemaLocation="http://xmlns.jcp.org/xml/ns/javaee http://xmlns.jcp.org/xml/ns/javaee/application-client_7.xsd">
  <display-name>ParadiseDesktopApp</display-name>
  <ejb-ref>
    <ejb-ref-name>LoginSessionBean</ejb-ref-name>
    <ejb-ref-type>Session</ejb-ref-type>
    <remote>SESSIONBEANS.LoginSessionBeanRemote</remote>
  </ejb-ref>
  <ejb-ref>
    <ejb-ref-name>RoomSessionBean</ejb-ref-name>
    <ejb-ref-type>Session</ejb-ref-type>
    <remote>SESSIONBEANS.RoomSessionBeanRemote</remote>
  </ejb-ref>
  <ejb-ref>
    <ejb-ref-name>RegisterSessionBean</ejb-ref-name>
    <ejb-ref-type>Session</ejb-ref-type>
    <remote>SESSIONBEANS.RegisterSessionBeanRemote</remote>
  </ejb-ref>
</application-client>
